Filename,Name,Normal,Fighting,Flying,Poison,Ground,Rock,Bug,Ghost,Steel,Fire,Water,Grass,Electric,Psychic,Ice,Dragon,Dark,Fairy
1.png,Bulbasaur,0,0,0,1,0,0,0,0,0,0,0,1,0,0,0,0,0,0
2.png,Ivysaur,0,0,0,1,0,0,0,0,0,0,0,1,0,0,0,0,0,0
3.png,Venusaur,0,0,0,1,0,0,0,0,0,0,0,1,0,0,0,0,0,0
4.png,Charmander,0,0,0,0,0,0,0,0,0,1,0,0,0,0,0,0,0,0
5.png,Charmeleon,0,0,0,0,0,0,0,0,0,1,0,0,0,0,0,0,0,0
6.png,Charizard,0,0,1,0,0,0,0,0,0,1,0,0,0,0,0,0,0,0
7.png,Squirtle,0,0,0,0,0,0,0,0,0,0,1,0,0,0,0,0,0,0
8.png,Wartortle,0,0,0,0,0,0,0,0,0,0,1,0,0,0,0,0,0,0
9.png,Blastoise,0,0,0,0,0,0,0,0,0,0,1,0,0,0,0,0,0,0
10.png,Caterpie,0,0,0,0,0,0,1,0,0,0,0,0,0,0,0,0,0,0
11.png,Metapod,0,0,0,0,0,0,1,0,0,0,0,0,0,0,0,0,0,0
12.png,Butterfree,0,0,1,0,0,0,1,0,0,0,0,0,0,0,0,0,0,0
13.png,Weedle,0,0,0,1,0,0,1,0,0,0,0,0,0,0,0,0,0,0
14.png,Kakuna,0,0,0,1,0,0,1,0,0,0,0,0,0,0,0,0,0,0
15.png,Beedrill,0,0,0,1,0,0,1,0,0,0,0,0,0,0,0,0,0,0
16.png,Pidgey,1,0,1,0,0,0,0,0,0,0,0,0,0,0,0,0,0,0
17.png,Pidgeotto,1,0,1,0,0,0,0,0,0,0,0,0,0,0,0,0,0,0
18.png,Pidgeot,1,0,1,0,0,0,0,0,0,0,0,0,0,0,0,0,0,0
19.png,Rattata,1,0,0,0,0,0,0,0,0,0,0,0,0,0,0,0,0,0
20.png,Raticate,1,0,0,0,0,0,0,0,0,0,0,0,0,0,0,0,0,0
21.png,Spearow,1,0,1,0,0,0,0,0,0,0,0,0,0,0,0,0,0,0
22.png,Fearow,1,0,1,0,0,0,0,0,0,0,0,0,0,0,0,0,0,0
23.png,Ekans,0,0,0,1,0,0,0,0,0,0,0,0,0,0,0,0,0,0
24.png,Arbok,0,0,0,1,0,0,0,0,0,0,0,0,0,0,0,0,0,0
25.png,Pikachu,0,0,0,0,0,0,0,0,0,0,0,0,1,0,0,0,0,0
26.png,Raichu,0,0,0,0,0,0,0,0,0,0,0,0,1,0,0,0,0,0
27.png,Sandshrew,0,0,0,0,1,0,0,0,0,0,0,0,0,0,0,0,0,0
28.png,Sandslash,0,0,0,0,1,0,0,0,0,0,0,0,0,0,0,0,0,0
29.png,Nidoran %E2%99%80,0,0,0,1,0,0,0,0,0,0,0,0,0,0,0,0,0,0
30.png,Nidorina,0,0,0,1,0,0,0,0,0,0,0,0,0,0,0,0,0,0
31.png,Nidoqueen,0,0,0,1,1,0,0,0,0,0,0,0,0,0,0,0,0,0
32.png,Nidoran %E2%99%82,0,0,0,1,0,0,0,0,0,0,0,0,0,0,0,0,0,0
33.png,Nidorino,0,0,0,1,0,0,0,0,0,0,0,0,0,0,0,0,0,0
34.png,Nidoking,0,0,0,1,1,0,0,0,0,0,0,0,0,0,0,0,0,0
35.png,Clefairy,0,0,0,0,0,0,0,0,0,0,0,0,0,0,0,0,0,1
36.png,Clefable,0,0,0,0,0,0,0,0,0,0,0,0,0,0,0,0,0,1
37.png,Vulpix,0,0,0,0,0,0,0,0,0,1,0,0,0,0,0,0,0,0
38.png,Ninetales,0,0,0,0,0,0,0,0,0,1,0,0,0,0,0,0,0,0
39.png,Jigglypuff,1,0,0,0,0,0,0,0,0,0,0,0,0,0,0,0,0,1
40.png,Wigglytuff,1,0,0,0,0,0,0,0,0,0,0,0,0,0,0,0,0,1
41.png,Zubat,0,0,1,1,0,0,0,0,0,0,0,0,0,0,0,0,0,0
42.png,Golbat,0,0,1,1,0,0,0,0,0,0,0,0,0,0,0,0,0,0
43.png,Oddish,0,0,0,1,0,0,0,0,0,0,0,1,0,0,0,0,0,0
44.png,Gloom,0,0,0,1,0,0,0,0,0,0,0,1,0,0,0,0,0,0
45.png,Vileplume,0,0,0,1,0,0,0,0,0,0,0,1,0,0,0,0,0,0
46.png,Paras,0,0,0,0,0,0,1,0,0,0,0,1,0,0,0,0,0,0
47.png,Parasect,0,0,0,0,0,0,1,0,0,0,0,1,0,0,0,0,0,0
48.png,Venonat,0,0,0,1,0,0,1,0,0,0,0,0,0,0,0,0,0,0
49.png,Venomoth,0,0,0,1,0,0,1,0,0,0,0,0,0,0,0,0,0,0
50.png,Diglett,0,0,0,0,1,0,0,0,0,0,0,0,0,0,0,0,0,0
51.png,Dugtrio,0,0,0,0,1,0,0,0,0,0,0,0,0,0,0,0,0,0
52.png,Meowth,1,0,0,0,0,0,0,0,0,0,0,0,0,0,0,0,0,0
53.png,Persian,1,0,0,0,0,0,0,0,0,0,0,0,0,0,0,0,0,0
54.png,Psyduck,0,0,0,0,0,0,0,0,0,0,1,0,0,0,0,0,0,0
55.png,Golduck,0,0,0,0,0,0,0,0,0,0,1,0,0,0,0,0,0,0
56.png,Mankey,0,1,0,0,0,0,0,0,0,0,0,0,0,0,0,0,0,0
57.png,Primeape,0,1,0,0,0,0,0,0,0,0,0,0,0,0,0,0,0,0
58.png,Growlithe,0,0,0,0,0,0,0,0,0,1,0,0,0,0,0,0,0,0
59.png,Arcanine,0,0,0,0,0,0,0,0,0,1,0,0,0,0,0,0,0,0
60.png,Poliwag,0,0,0,0,0,0,0,0,0,0,1,0,0,0,0,0,0,0
61.png,Poliwhirl,0,0,0,0,0,0,0,0,0,0,1,0,0,0,0,0,0,0
62.png,Poliwrath,0,1,0,0,0,0,0,0,0,0,1,0,0,0,0,0,0,0
63.png,Abra,0,0,0,0,0,0,0,0,0,0,0,0,0,1,0,0,0,0
64.png,Kadabra,0,0,0,0,0,0,0,0,0,0,0,0,0,1,0,0,0,0
65.png,Alakazam,0,0,0,0,0,0,0,0,0,0,0,0,0,1,0,0,0,0
66.png,Machop,0,1,0,0,0,0,0,0,0,0,0,0,0,0,0,0,0,0
67.png,Machoke,0,1,0,0,0,0,0,0,0,0,0,0,0,0,0,0,0,0
68.png,Machamp,0,1,0,0,0,0,0,0,0,0,0,0,0,0,0,0,0,0
69.png,Bellsprout,0,0,0,1,0,0,0,0,0,0,0,1,0,0,0,0,0,0
70.png,Weepinbell,0,0,0,1,0,0,0,0,0,0,0,1,0,0,0,0,0,0
71.png,Victreebel,0,0,0,1,0,0,0,0,0,0,0,1,0,0,0,0,0,0
72.png,Tentacool,0,0,0,1,0,0,0,0,0,0,1,0,0,0,0,0,0,0
73.png,Tentacruel,0,0,0,1,0,0,0,0,0,0,1,0,0,0,0,0,0,0
74.png,Geodude,0,0,0,0,1,1,0,0,0,0,0,0,0,0,0,0,0,0
75.png,Graveler,0,0,0,0,1,1,0,0,0,0,0,0,0,0,0,0,0,0
76.png,Golem,0,0,0,0,1,1,0,0,0,0,0,0,0,0,0,0,0,0
77.png,Ponyta,0,0,0,0,0,0,0,0,0,1,0,0,0,0,0,0,0,0
78.png,Rapidash,0,0,0,0,0,0,0,0,0,1,0,0,0,0,0,0,0,0
79.png,Slowpoke,0,0,0,0,0,0,0,0,0,0,1,0,0,1,0,0,0,0
80.png,Slowbro,0,0,0,0,0,0,0,0,0,0,1,0,0,1,0,0,0,0
81.png,Magnemite,0,0,0,0,0,0,0,0,1,0,0,0,1,0,0,0,0,0
82.png,Magneton,0,0,0,0,0,0,0,0,1,0,0,0,1,0,0,0,0,0
83.png,Farfetch'd,1,0,1,0,0,0,0,0,0,0,0,0,0,0,0,0,0,0
84.png,Doduo,1,0,1,0,0,0,0,0,0,0,0,0,0,0,0,0,0,0
85.png,Dodrio,1,0,1,0,0,0,0,0,0,0,0,0,0,0,0,0,0,0
86.png,Seel,0,0,0,0,0,0,0,0,0,0,1,0,0,0,0,0,0,0
87.png,Dewgong,0,0,0,0,0,0,0,0,0,0,1,0,0,0,1,0,0,0
88.png,Grimer,0,0,0,1,0,0,0,0,0,0,0,0,0,0,0,0,0,0
89.png,Muk,0,0,0,1,0,0,0,0,0,0,0,0,0,0,0,0,0,0
90.png,Shellder,0,0,0,0,0,0,0,0,0,0,1,0,0,0,0,0,0,0
91.png,Cloyster,0,0,0,0,0,0,0,0,0,0,1,0,0,0,1,0,0,0
92.png,Gastly,0,0,0,1,0,0,0,1,0,0,0,0,0,0,0,0,0,0
93.png,Haunter,0,0,0,1,0,0,0,1,0,0,0,0,0,0,0,0,0,0
94.png,Gengar,0,0,0,1,0,0,0,1,0,0,0,0,0,0,0,0,0,0
95.png,Onix,0,0,0,0,1,1,0,0,0,0,0,0,0,0,0,0,0,0
96.png,Drowzee,0,0,0,0,0,0,0,0,0,0,0,0,0,1,0,0,0,0
97.png,Hypno,0,0,0,0,0,0,0,0,0,0,0,0,0,1,0,0,0,0
98.png,Krabby,0,0,0,0,0,0,0,0,0,0,1,0,0,0,0,0,0,0
99.png,Kingler,0,0,0,0,0,0,0,0,0,0,1,0,0,0,0,0,0,0
100.png,Voltorb,0,0,0,0,0,0,0,0,0,0,0,0,1,0,0,0,0,0
101.png,Electrode,0,0,0,0,0,0,0,0,0,0,0,0,1,0,0,0,0,0
102.png,Exeggcute,0,0,0,0,0,0,0,0,0,0,0,1,0,1,0,0,0,0
103.png,Exeggutor,0,0,0,0,0,0,0,0,0,0,0,1,0,1,0,0,0,0
104.png,Cubone,0,0,0,0,1,0,0,0,0,0,0,0,0,0,0,0,0,0
105.png,Marowak,0,0,0,0,1,0,0,0,0,0,0,0,0,0,0,0,0,0
106.png,Hitmonlee,0,1,0,0,0,0,0,0,0,0,0,0,0,0,0,0,0,0
107.png,Hitmonchan,0,1,0,0,0,0,0,0,0,0,0,0,0,0,0,0,0,0
108.png,Lickitung,1,0,0,0,0,0,0,0,0,0,0,0,0,0,0,0,0,0
109.png,Koffing,0,0,0,1,0,0,0,0,0,0,0,0,0,0,0,0,0,0
110.png,Weezing,0,0,0,1,0,0,0,0,0,0,0,0,0,0,0,0,0,0
111.png,Rhyhorn,0,0,0,0,1,1,0,0,0,0,0,0,0,0,0,0,0,0
112.png,Rhydon,0,0,0,0,1,1,0,0,0,0,0,0,0,0,0,0,0,0
113.png,Chansey,1,0,0,0,0,0,0,0,0,0,0,0,0,0,0,0,0,0
114.png,Tangela,0,0,0,0,0,0,0,0,0,0,0,1,0,0,0,0,0,0
115.png,Kangaskhan,1,0,0,0,0,0,0,0,0,0,0,0,0,0,0,0,0,0
116.png,Horsea,0,0,0,0,0,0,0,0,0,0,1,0,0,0,0,0,0,0
117.png,Seadra,0,0,0,0,0,0,0,0,0,0,1,0,0,0,0,0,0,0
118.png,Goldeen,0,0,0,0,0,0,0,0,0,0,1,0,0,0,0,0,0,0
119.png,Seaking,0,0,0,0,0,0,0,0,0,0,1,0,0,0,0,0,0,0
120.png,Staryu,0,0,0,0,0,0,0,0,0,0,1,0,0,0,0,0,0,0
121.png,Starmie,0,0,0,0,0,0,0,0,0,0,1,0,0,1,0,0,0,0
122.png,Mr. Mime,0,0,0,0,0,0,0,0,0,0,0,0,0,1,0,0,0,1
123.png,Scyther,0,0,1,0,0,0,1,0,0,0,0,0,0,0,0,0,0,0
124.png,Jynx,0,0,0,0,0,0,0,0,0,0,0,0,0,1,1,0,0,0
125.png,Electabuzz,0,0,0,0,0,0,0,0,0,0,0,0,1,0,0,0,0,0
126.png,Magmar,0,0,0,0,0,0,0,0,0,1,0,0,0,0,0,0,0,0
127.png,Pinsir,0,0,0,0,0,0,1,0,0,0,0,0,0,0,0,0,0,0
128.png,Tauros,1,0,0,0,0,0,0,0,0,0,0,0,0,0,0,0,0,0
129.png,Magikarp,0,0,0,0,0,0,0,0,0,0,1,0,0,0,0,0,0,0
130.png,Gyarados,0,0,1,0,0,0,0,0,0,0,1,0,0,0,0,0,0,0
131.png,Lapras,0,0,0,0,0,0,0,0,0,0,1,0,0,0,1,0,0,0
132.png,Ditto,1,0,0,0,0,0,0,0,0,0,0,0,0,0,0,0,0,0
133.png,Eevee,1,0,0,0,0,0,0,0,0,0,0,0,0,0,0,0,0,0
134.png,Vaporeon,0,0,0,0,0,0,0,0,0,0,1,0,0,0,0,0,0,0
135.png,Jolteon,0,0,0,0,0,0,0,0,0,0,0,0,1,0,0,0,0,0
136.png,Flareon,0,0,0,0,0,0,0,0,0,1,0,0,0,0,0,0,0,0
137.png,Porygon,1,0,0,0,0,0,0,0,0,0,0,0,0,0,0,0,0,0
138.png,Omanyte,0,0,0,0,0,1,0,0,0,0,1,0,0,0,0,0,0,0
139.png,Omastar,0,0,0,0,0,1,0,0,0,0,1,0,0,0,0,0,0,0
140.png,Kabuto,0,0,0,0,0,1,0,0,0,0,1,0,0,0,0,0,0,0
141.png,Kabutops,0,0,0,0,0,1,0,0,0,0,1,0,0,0,0,0,0,0
142.png,Aerodactyl,0,0,1,0,0,1,0,0,0,0,0,0,0,0,0,0,0,0
143.png,Snorlax,1,0,0,0,0,0,0,0,0,0,0,0,0,0,0,0,0,0
144.png,Articuno,0,0,1,0,0,0,0,0,0,0,0,0,0,0,1,0,0,0
145.png,Zapdos,0,0,1,0,0,0,0,0,0,0,0,0,1,0,0,0,0,0
146.png,Moltres,0,0,1,0,0,0,0,0,0,1,0,0,0,0,0,0,0,0
147.png,Dratini,0,0,0,0,0,0,0,0,0,0,0,0,0,0,0,1,0,0
148.png,Dragonair,0,0,0,0,0,0,0,0,0,0,0,0,0,0,0,1,0,0
149.png,Dragonite,0,0,1,0,0,0,0,0,0,0,0,0,0,0,0,1,0,0
150.png,Mewtwo,0,0,0,0,0,0,0,0,0,0,0,0,0,1,0,0,0,0
151.png,Mew,0,0,0,0,0,0,0,0,0,0,0,0,0,1,0,0,0,0
152.png,Chikorita,0,0,0,0,0,0,0,0,0,0,0,1,0,0,0,0,0,0
153.png,Bayleef,0,0,0,0,0,0,0,0,0,0,0,1,0,0,0,0,0,0
154.png,Meganium,0,0,0,0,0,0,0,0,0,0,0,1,0,0,0,0,0,0
155.png,Cyndaquil,0,0,0,0,0,0,0,0,0,1,0,0,0,0,0,0,0,0
156.png,Quilava,0,0,0,0,0,0,0,0,0,1,0,0,0,0,0,0,0,0
157.png,Typhlosion,0,0,0,0,0,0,0,0,0,1,0,0,0,0,0,0,0,0
158.png,Totodile,0,0,0,0,0,0,0,0,0,0,1,0,0,0,0,0,0,0
159.png,Croconaw,0,0,0,0,0,0,0,0,0,0,1,0,0,0,0,0,0,0
160.png,Feraligatr,0,0,0,0,0,0,0,0,0,0,1,0,0,0,0,0,0,0
161.png,Sentret,1,0,0,0,0,0,0,0,0,0,0,0,0,0,0,0,0,0
162.png,Furret,1,0,0,0,0,0,0,0,0,0,0,0,0,0,0,0,0,0
163.png,Hoothoot,1,0,1,0,0,0,0,0,0,0,0,0,0,0,0,0,0,0
164.png,Noctowl,1,0,1,0,0,0,0,0,0,0,0,0,0,0,0,0,0,0
165.png,Ledyba,0,0,1,0,0,0,1,0,0,0,0,0,0,0,0,0,0,0
166.png,Ledian,0,0,1,0,0,0,1,0,0,0,0,0,0,0,0,0,0,0
167.png,Spinarak,0,0,0,1,0,0,1,0,0,0,0,0,0,0,0,0,0,0
168.png,Ariados,0,0,0,1,0,0,1,0,0,0,0,0,0,0,0,0,0,0
169.png,Crobat,0,0,1,1,0,0,0,0,0,0,0,0,0,0,0,0,0,0
170.png,Chinchou,0,0,0,0,0,0,0,0,0,0,1,0,1,0,0,0,0,0
171.png,Lanturn,0,0,0,0,0,0,0,0,0,0,1,0,1,0,0,0,0,0
172.png,Pichu,0,0,0,0,0,0,0,0,0,0,0,0,1,0,0,0,0,0
173.png,Cleffa,0,0,0,0,0,0,0,0,0,0,0,0,0,0,0,0,0,1
174.png,Igglybuff,1,0,0,0,0,0,0,0,0,0,0,0,0,0,0,0,0,1
175.png,Togepi,0,0,0,0,0,0,0,0,0,0,0,0,0,0,0,0,0,1
176.png,Togetic,0,0,1,0,0,0,0,0,0,0,0,0,0,0,0,0,0,1
177.png,Natu,0,0,1,0,0,0,0,0,0,0,0,0,0,1,0,0,0,0
178.png,Xatu,0,0,1,0,0,0,0,0,0,0,0,0,0,1,0,0,0,0
179.png,Mareep,0,0,0,0,0,0,0,0,0,0,0,0,1,0,0,0,0,0
180.png,Flaaffy,0,0,0,0,0,0,0,0,0,0,0,0,1,0,0,0,0,0
181.png,Ampharos,0,0,0,0,0,0,0,0,0,0,0,0,1,0,0,0,0,0
182.png,Bellossom,0,0,0,0,0,0,0,0,0,0,0,1,0,0,0,0,0,0
183.png,Marill,0,0,0,0,0,0,0,0,0,0,1,0,0,0,0,0,0,1
184.png,Azumarill,0,0,0,0,0,0,0,0,0,0,1,0,0,0,0,0,0,1
185.png,Sudowoodo,0,0,0,0,0,1,0,0,0,0,0,0,0,0,0,0,0,0
186.png,Politoed,0,0,0,0,0,0,0,0,0,0,1,0,0,0,0,0,0,0
187.png,Hoppip,0,0,1,0,0,0,0,0,0,0,0,1,0,0,0,0,0,0
188.png,Skiploom,0,0,1,0,0,0,0,0,0,0,0,1,0,0,0,0,0,0
189.png,Jumpluff,0,0,1,0,0,0,0,0,0,0,0,1,0,0,0,0,0,0
190.png,Aipom,1,0,0,0,0,0,0,0,0,0,0,0,0,0,0,0,0,0
191.png,Sunkern,0,0,0,0,0,0,0,0,0,0,0,1,0,0,0,0,0,0
192.png,Sunflora,0,0,0,0,0,0,0,0,0,0,0,1,0,0,0,0,0,0
193.png,Yanma,0,0,1,0,0,0,1,0,0,0,0,0,0,0,0,0,0,0
194.png,Wooper,0,0,0,0,1,0,0,0,0,0,1,0,0,0,0,0,0,0
195.png,Quagsire,0,0,0,0,1,0,0,0,0,0,1,0,0,0,0,0,0,0
196.png,Espeon,0,0,0,0,0,0,0,0,0,0,0,0,0,1,0,0,0,0
197.png,Umbreon,0,0,0,0,0,0,0,0,0,0,0,0,0,0,0,0,1,0
198.png,Murkrow,0,0,1,0,0,0,0,0,0,0,0,0,0,0,0,0,1,0
199.png,Slowking,0,0,0,0,0,0,0,0,0,0,1,0,0,1,0,0,0,0
200.png,Misdreavus,0,0,0,0,0,0,0,1,0,0,0,0,0,0,0,0,0,0
202.png,Wobbuffet,0,0,0,0,0,0,0,0,0,0,0,0,0,1,0,0,0,0
203.png,Girafarig,1,0,0,0,0,0,0,0,0,0,0,0,0,1,0,0,0,0
204.png,Pineco,0,0,0,0,0,0,1,0,0,0,0,0,0,0,0,0,0,0
205.png,Forretress,0,0,0,0,0,0,1,0,1,0,0,0,0,0,0,0,0,0
206.png,Dunsparce,1,0,0,0,0,0,0,0,0,0,0,0,0,0,0,0,0,0
207.png,Gligar,0,0,1,0,1,0,0,0,0,0,0,0,0,0,0,0,0,0
208.png,Steelix,0,0,0,0,1,0,0,0,1,0,0,0,0,0,0,0,0,0
209.png,Snubbull,0,0,0,0,0,0,0,0,0,0,0,0,0,0,0,0,0,1
210.png,Granbull,0,0,0,0,0,0,0,0,0,0,0,0,0,0,0,0,0,1
211.png,Qwilfish,0,0,0,1,0,0,0,0,0,0,1,0,0,0,0,0,0,0
212.png,Scizor,0,0,0,0,0,0,1,0,1,0,0,0,0,0,0,0,0,0
213.png,Shuckle,0,0,0,0,0,1,1,0,0,0,0,0,0,0,0,0,0,0
214.png,Heracross,0,1,0,0,0,0,1,0,0,0,0,0,0,0,0,0,0,0
215.png,Sneasel,0,0,0,0,0,0,0,0,0,0,0,0,0,0,1,0,1,0
216.png,Teddiursa,1,0,0,0,0,0,0,0,0,0,0,0,0,0,0,0,0,0
217.png,Ursaring,1,0,0,0,0,0,0,0,0,0,0,0,0,0,0,0,0,0
218.png,Slugma,0,0,0,0,0,0,0,0,0,1,0,0,0,0,0,0,0,0
219.png,Magcargo,0,0,0,0,0,1,0,0,0,1,0,0,0,0,0,0,0,0
220.png,Swinub,0,0,0,0,1,0,0,0,0,0,0,0,0,0,1,0,0,0
221.png,Piloswine,0,0,0,0,1,0,0,0,0,0,0,0,0,0,1,0,0,0
222.png,Corsola,0,0,0,0,0,1,0,0,0,0,1,0,0,0,0,0,0,0
223.png,Remoraid,0,0,0,0,0,0,0,0,0,0,1,0,0,0,0,0,0,0
224.png,Octillery,0,0,0,0,0,0,0,0,0,0,1,0,0,0,0,0,0,0
225.png,Delibird,0,0,1,0,0,0,0,0,0,0,0,0,0,0,1,0,0,0
226.png,Mantine,0,0,1,0,0,0,0,0,0,0,1,0,0,0,0,0,0,0
227.png,Skarmory,0,0,1,0,0,0,0,0,1,0,0,0,0,0,0,0,0,0
228.png,Houndour,0,0,0,0,0,0,0,0,0,1,0,0,0,0,0,0,1,0
229.png,Houndoom,0,0,0,0,0,0,0,0,0,1,0,0,0,0,0,0,1,0
230.png,Kingdra,0,0,0,0,0,0,0,0,0,0,1,0,0,0,0,1,0,0
231.png,Phanpy,0,0,0,0,1,0,0,0,0,0,0,0,0,0,0,0,0,0
232.png,Donphan,0,0,0,0,1,0,0,0,0,0,0,0,0,0,0,0,0,0
233.png,Porygon2,1,0,0,0,0,0,0,0,0,0,0,0,0,0,0,0,0,0
234.png,Stantler,1,0,0,0,0,0,0,0,0,0,0,0,0,0,0,0,0,0
235.png,Smeargle,1,0,0,0,0,0,0,0,0,0,0,0,0,0,0,0,0,0
236.png,Tyrogue,0,1,0,0,0,0,0,0,0,0,0,0,0,0,0,0,0,0
237.png,Hitmontop,0,1,0,0,0,0,0,0,0,0,0,0,0,0,0,0,0,0
238.png,Smoochum,0,0,0,0,0,0,0,0,0,0,0,0,0,1,1,0,0,0
239.png,Elekid,0,0,0,0,0,0,0,0,0,0,0,0,1,0,0,0,0,0
240.png,Magby,0,0,0,0,0,0,0,0,0,1,0,0,0,0,0,0,0,0
241.png,Miltank,1,0,0,0,0,0,0,0,0,0,0,0,0,0,0,0,0,0
242.png,Blissey,1,0,0,0,0,0,0,0,0,0,0,0,0,0,0,0,0,0
243.png,Raikou,0,0,0,0,0,0,0,0,0,0,0,0,1,0,0,0,0,0
244.png,Entei,0,0,0,0,0,0,0,0,0,1,0,0,0,0,0,0,0,0
245.png,Suicune,0,0,0,0,0,0,0,0,0,0,1,0,0,0,0,0,0,0
246.png,Larvitar,0,0,0,0,1,1,0,0,0,0,0,0,0,0,0,0,0,0
247.png,Pupitar,0,0,0,0,1,1,0,0,0,0,0,0,0,0,0,0,0,0
248.png,Tyranitar,0,0,0,0,0,1,0,0,0,0,0,0,0,0,0,0,1,0
249.png,Lugia,0,0,1,0,0,0,0,0,0,0,0,0,0,1,0,0,0,0
250.png,Ho-Oh,0,0,1,0,0,0,0,0,0,1,0,0,0,0,0,0,0,0
251.png,Celebi,0,0,0,0,0,0,0,0,0,0,0,1,0,1,0,0,0,0
252.png,Treecko,0,0,0,0,0,0,0,0,0,0,0,1,0,0,0,0,0,0
253.png,Grovyle,0,0,0,0,0,0,0,0,0,0,0,1,0,0,0,0,0,0
254.png,Sceptile,0,0,0,0,0,0,0,0,0,0,0,1,0,0,0,0,0,0
255.png,Torchic,0,0,0,0,0,0,0,0,0,1,0,0,0,0,0,0,0,0
256.png,Combusken,0,1,0,0,0,0,0,0,0,1,0,0,0,0,0,0,0,0
257.png,Blaziken,0,1,0,0,0,0,0,0,0,1,0,0,0,0,0,0,0,0
258.png,Mudkip,0,0,0,0,0,0,0,0,0,0,1,0,0,0,0,0,0,0
259.png,Marshtomp,0,0,0,0,1,0,0,0,0,0,1,0,0,0,0,0,0,0
260.png,Swampert,0,0,0,0,1,0,0,0,0,0,1,0,0,0,0,0,0,0
261.png,Poochyena,0,0,0,0,0,0,0,0,0,0,0,0,0,0,0,0,1,0
262.png,Mightyena,0,0,0,0,0,0,0,0,0,0,0,0,0,0,0,0,1,0
263.png,Zigzagoon,1,0,0,0,0,0,0,0,0,0,0,0,0,0,0,0,0,0
264.png,Linoone,1,0,0,0,0,0,0,0,0,0,0,0,0,0,0,0,0,0
265.png,Wurmple,0,0,0,0,0,0,1,0,0,0,0,0,0,0,0,0,0,0
266.png,Silcoon,0,0,0,0,0,0,1,0,0,0,0,0,0,0,0,0,0,0
267.png,Beautifly,0,0,1,0,0,0,1,0,0,0,0,0,0,0,0,0,0,0
268.png,Cascoon,0,0,0,0,0,0,1,0,0,0,0,0,0,0,0,0,0,0
269.png,Dustox,0,0,0,1,0,0,1,0,0,0,0,0,0,0,0,0,0,0
270.png,Lotad,0,0,0,0,0,0,0,0,0,0,1,1,0,0,0,0,0,0
271.png,Lombre,0,0,0,0,0,0,0,0,0,0,1,1,0,0,0,0,0,0
272.png,Ludicolo,0,0,0,0,0,0,0,0,0,0,1,1,0,0,0,0,0,0
273.png,Seedot,0,0,0,0,0,0,0,0,0,0,0,1,0,0,0,0,0,0
274.png,Nuzleaf,0,0,0,0,0,0,0,0,0,0,0,1,0,0,0,0,1,0
275.png,Shiftry,0,0,0,0,0,0,0,0,0,0,0,1,0,0,0,0,1,0
276.png,Taillow,1,0,1,0,0,0,0,0,0,0,0,0,0,0,0,0,0,0
277.png,Swellow,1,0,1,0,0,0,0,0,0,0,0,0,0,0,0,0,0,0
278.png,Wingull,0,0,1,0,0,0,0,0,0,0,1,0,0,0,0,0,0,0
279.png,Pelipper,0,0,1,0,0,0,0,0,0,0,1,0,0,0,0,0,0,0
280.png,Ralts,0,0,0,0,0,0,0,0,0,0,0,0,0,1,0,0,0,1
281.png,Kirlia,0,0,0,0,0,0,0,0,0,0,0,0,0,1,0,0,0,1
282.png,Gardevoir,0,0,0,0,0,0,0,0,0,0,0,0,0,1,0,0,0,1
283.png,Surskit,0,0,0,0,0,0,1,0,0,0,1,0,0,0,0,0,0,0
284.png,Masquerain,0,0,1,0,0,0,1,0,0,0,0,0,0,0,0,0,0,0
285.png,Shroomish,0,0,0,0,0,0,0,0,0,0,0,1,0,0,0,0,0,0
286.png,Breloom,0,1,0,0,0,0,0,0,0,0,0,1,0,0,0,0,0,0
287.png,Slakoth,1,0,0,0,0,0,0,0,0,0,0,0,0,0,0,0,0,0
288.png,Vigoroth,1,0,0,0,0,0,0,0,0,0,0,0,0,0,0,0,0,0
289.png,Slaking,1,0,0,0,0,0,0,0,0,0,0,0,0,0,0,0,0,0
290.png,Nincada,0,0,0,0,1,0,1,0,0,0,0,0,0,0,0,0,0,0
291.png,Ninjask,0,0,1,0,0,0,1,0,0,0,0,0,0,0,0,0,0,0
292.png,Shedinja,0,0,0,0,0,0,1,1,0,0,0,0,0,0,0,0,0,0
293.png,Whismur,1,0,0,0,0,0,0,0,0,0,0,0,0,0,0,0,0,0
294.png,Loudred,1,0,0,0,0,0,0,0,0,0,0,0,0,0,0,0,0,0
295.png,Exploud,1,0,0,0,0,0,0,0,0,0,0,0,0,0,0,0,0,0
296.png,Makuhita,0,1,0,0,0,0,0,0,0,0,0,0,0,0,0,0,0,0
297.png,Hariyama,0,1,0,0,0,0,0,0,0,0,0,0,0,0,0,0,0,0
298.png,Azurill,1,0,0,0,0,0,0,0,0,0,0,0,0,0,0,0,0,1
299.png,Nosepass,0,0,0,0,0,1,0,0,0,0,0,0,0,0,0,0,0,0
300.png,Skitty,1,0,0,0,0,0,0,0,0,0,0,0,0,0,0,0,0,0
301.png,Delcatty,1,0,0,0,0,0,0,0,0,0,0,0,0,0,0,0,0,0
302.png,Sableye,0,0,0,0,0,0,0,1,0,0,0,0,0,0,0,0,1,0
303.png,Mawile,0,0,0,0,0,0,0,0,1,0,0,0,0,0,0,0,0,1
304.png,Aron,0,0,0,0,0,1,0,0,1,0,0,0,0,0,0,0,0,0
305.png,Lairon,0,0,0,0,0,1,0,0,1,0,0,0,0,0,0,0,0,0
306.png,Aggron,0,0,0,0,0,1,0,0,1,0,0,0,0,0,0,0,0,0
307.png,Meditite,0,1,0,0,0,0,0,0,0,0,0,0,0,1,0,0,0,0
308.png,Medicham,0,1,0,0,0,0,0,0,0,0,0,0,0,1,0,0,0,0
309.png,Electrike,0,0,0,0,0,0,0,0,0,0,0,0,1,0,0,0,0,0
310.png,Manectric,0,0,0,0,0,0,0,0,0,0,0,0,1,0,0,0,0,0
311.png,Plusle,0,0,0,0,0,0,0,0,0,0,0,0,1,0,0,0,0,0
312.png,Minun,0,0,0,0,0,0,0,0,0,0,0,0,1,0,0,0,0,0
313.png,Volbeat,0,0,0,0,0,0,1,0,0,0,0,0,0,0,0,0,0,0
314.png,Illumise,0,0,0,0,0,0,1,0,0,0,0,0,0,0,0,0,0,0
315.png,Roselia,0,0,0,1,0,0,0,0,0,0,0,1,0,0,0,0,0,0
316.png,Gulpin,0,0,0,1,0,0,0,0,0,0,0,0,0,0,0,0,0,0
317.png,Swalot,0,0,0,1,0,0,0,0,0,0,0,0,0,0,0,0,0,0
318.png,Carvanha,0,0,0,0,0,0,0,0,0,0,1,0,0,0,0,0,1,0
319.png,Sharpedo,0,0,0,0,0,0,0,0,0,0,1,0,0,0,0,0,1,0
320.png,Wailmer,0,0,0,0,0,0,0,0,0,0,1,0,0,0,0,0,0,0
321.png,Wailord,0,0,0,0,0,0,0,0,0,0,1,0,0,0,0,0,0,0
322.png,Numel,0,0,0,0,1,0,0,0,0,1,0,0,0,0,0,0,0,0
323.png,Camerupt,0,0,0,0,1,0,0,0,0,1,0,0,0,0,0,0,0,0
324.png,Torkoal,0,0,0,0,0,0,0,0,0,1,0,0,0,0,0,0,0,0
325.png,Spoink,0,0,0,0,0,0,0,0,0,0,0,0,0,1,0,0,0,0
326.png,Grumpig,0,0,0,0,0,0,0,0,0,0,0,0,0,1,0,0,0,0
327.png,Spinda,1,0,0,0,0,0,0,0,0,0,0,0,0,0,0,0,0,0
328.png,Trapinch,0,0,0,0,1,0,0,0,0,0,0,0,0,0,0,0,0,0
329.png,Vibrava,0,0,0,0,1,0,0,0,0,0,0,0,0,0,0,1,0,0
330.png,Flygon,0,0,0,0,1,0,0,0,0,0,0,0,0,0,0,1,0,0
331.png,Cacnea,0,0,0,0,0,0,0,0,0,0,0,1,0,0,0,0,0,0
332.png,Cacturne,0,0,0,0,0,0,0,0,0,0,0,1,0,0,0,0,1,0
333.png,Swablu,1,0,1,0,0,0,0,0,0,0,0,0,0,0,0,0,0,0
334.png,Altaria,0,0,1,0,0,0,0,0,0,0,0,0,0,0,0,1,0,0
335.png,Zangoose,1,0,0,0,0,0,0,0,0,0,0,0,0,0,0,0,0,0
336.png,Seviper,0,0,0,1,0,0,0,0,0,0,0,0,0,0,0,0,0,0
337.png,Lunatone,0,0,0,0,0,1,0,0,0,0,0,0,0,1,0,0,0,0
338.png,Solrock,0,0,0,0,0,1,0,0,0,0,0,0,0,1,0,0,0,0
339.png,Barboach,0,0,0,0,1,0,0,0,0,0,1,0,0,0,0,0,0,0
340.png,Whiscash,0,0,0,0,1,0,0,0,0,0,1,0,0,0,0,0,0,0
341.png,Corphish,0,0,0,0,0,0,0,0,0,0,1,0,0,0,0,0,0,0
342.png,Crawdaunt,0,0,0,0,0,0,0,0,0,0,1,0,0,0,0,0,1,0
343.png,Baltoy,0,0,0,0,1,0,0,0,0,0,0,0,0,1,0,0,0,0
344.png,Claydol,0,0,0,0,1,0,0,0,0,0,0,0,0,1,0,0,0,0
345.png,Lileep,0,0,0,0,0,1,0,0,0,0,0,1,0,0,0,0,0,0
346.png,Cradily,0,0,0,0,0,1,0,0,0,0,0,1,0,0,0,0,0,0
347.png,Anorith,0,0,0,0,0,1,1,0,0,0,0,0,0,0,0,0,0,0
348.png,Armaldo,0,0,0,0,0,1,1,0,0,0,0,0,0,0,0,0,0,0
349.png,Feebas,0,0,0,0,0,0,0,0,0,0,1,0,0,0,0,0,0,0
350.png,Milotic,0,0,0,0,0,0,0,0,0,0,1,0,0,0,0,0,0,0
351.png,Castform,1,0,0,0,0,0,0,0,0,0,0,0,0,0,0,0,0,0
352.png,Kecleon,1,0,0,0,0,0,0,0,0,0,0,0,0,0,0,0,0,0
353.png,Shuppet,0,0,0,0,0,0,0,1,0,0,0,0,0,0,0,0,0,0
354.png,Banette,0,0,0,0,0,0,0,1,0,0,0,0,0,0,0,0,0,0
355.png,Duskull,0,0,0,0,0,0,0,1,0,0,0,0,0,0,0,0,0,0
356.png,Dusclops,0,0,0,0,0,0,0,1,0,0,0,0,0,0,0,0,0,0
357.png,Tropius,0,0,1,0,0,0,0,0,0,0,0,1,0,0,0,0,0,0
358.png,Chimecho,0,0,0,0,0,0,0,0,0,0,0,0,0,1,0,0,0,0
359.png,Absol,0,0,0,0,0,0,0,0,0,0,0,0,0,0,0,0,1,0
360.png,Wynaut,0,0,0,0,0,0,0,0,0,0,0,0,0,1,0,0,0,0
361.png,Snorunt,0,0,0,0,0,0,0,0,0,0,0,0,0,0,1,0,0,0
362.png,Glalie,0,0,0,0,0,0,0,0,0,0,0,0,0,0,1,0,0,0
363.png,Spheal,0,0,0,0,0,0,0,0,0,0,1,0,0,0,1,0,0,0
364.png,Sealeo,0,0,0,0,0,0,0,0,0,0,1,0,0,0,1,0,0,0
365.png,Walrein,0,0,0,0,0,0,0,0,0,0,1,0,0,0,1,0,0,0
366.png,Clamperl,0,0,0,0,0,0,0,0,0,0,1,0,0,0,0,0,0,0
367.png,Huntail,0,0,0,0,0,0,0,0,0,0,1,0,0,0,0,0,0,0
368.png,Gorebyss,0,0,0,0,0,0,0,0,0,0,1,0,0,0,0,0,0,0
369.png,Relicanth,0,0,0,0,0,1,0,0,0,0,1,0,0,0,0,0,0,0
370.png,Luvdisc,0,0,0,0,0,0,0,0,0,0,1,0,0,0,0,0,0,0
371.png,Bagon,0,0,0,0,0,0,0,0,0,0,0,0,0,0,0,1,0,0
372.png,Shelgon,0,0,0,0,0,0,0,0,0,0,0,0,0,0,0,1,0,0
373.png,Salamence,0,0,1,0,0,0,0,0,0,0,0,0,0,0,0,1,0,0
374.png,Beldum,0,0,0,0,0,0,0,0,1,0,0,0,0,1,0,0,0,0
375.png,Metang,0,0,0,0,0,0,0,0,1,0,0,0,0,1,0,0,0,0
376.png,Metagross,0,0,0,0,0,0,0,0,1,0,0,0,0,1,0,0,0,0
377.png,Regirock,0,0,0,0,0,1,0,0,0,0,0,0,0,0,0,0,0,0
378.png,Regice,0,0,0,0,0,0,0,0,0,0,0,0,0,0,1,0,0,0
379.png,Registeel,0,0,0,0,0,0,0,0,1,0,0,0,0,0,0,0,0,0
380.png,Latias,0,0,0,0,0,0,0,0,0,0,0,0,0,1,0,1,0,0
381.png,Latios,0,0,0,0,0,0,0,0,0,0,0,0,0,1,0,1,0,0
382.png,Kyogre,0,0,0,0,0,0,0,0,0,0,1,0,0,0,0,0,0,0
383.png,Groudon,0,0,0,0,1,0,0,0,0,0,0,0,0,0,0,0,0,0
384.png,Rayquaza,0,0,1,0,0,0,0,0,0,0,0,0,0,0,0,1,0,0
385.png,Jirachi,0,0,0,0,0,0,0,0,1,0,0,0,0,1,0,0,0,0
387.png,Turtwig,0,0,0,0,0,0,0,0,0,0,0,1,0,0,0,0,0,0
388.png,Grotle,0,0,0,0,0,0,0,0,0,0,0,1,0,0,0,0,0,0
389.png,Torterra,0,0,0,0,1,0,0,0,0,0,0,1,0,0,0,0,0,0
390.png,Chimchar,0,0,0,0,0,0,0,0,0,1,0,0,0,0,0,0,0,0
391.png,Monferno,0,1,0,0,0,0,0,0,0,1,0,0,0,0,0,0,0,0
392.png,Infernape,0,1,0,0,0,0,0,0,0,1,0,0,0,0,0,0,0,0
393.png,Piplup,0,0,0,0,0,0,0,0,0,0,1,0,0,0,0,0,0,0
394.png,Prinplup,0,0,0,0,0,0,0,0,0,0,1,0,0,0,0,0,0,0
395.png,Empoleon,0,0,0,0,0,0,0,0,1,0,1,0,0,0,0,0,0,0
396.png,Starly,1,0,1,0,0,0,0,0,0,0,0,0,0,0,0,0,0,0
397.png,Staravia,1,0,1,0,0,0,0,0,0,0,0,0,0,0,0,0,0,0
398.png,Staraptor,1,0,1,0,0,0,0,0,0,0,0,0,0,0,0,0,0,0
399.png,Bidoof,1,0,0,0,0,0,0,0,0,0,0,0,0,0,0,0,0,0
400.png,Bibarel,1,0,0,0,0,0,0,0,0,0,1,0,0,0,0,0,0,0
401.png,Kricketot,0,0,0,0,0,0,1,0,0,0,0,0,0,0,0,0,0,0
402.png,Kricketune,0,0,0,0,0,0,1,0,0,0,0,0,0,0,0,0,0,0
403.png,Shinx,0,0,0,0,0,0,0,0,0,0,0,0,1,0,0,0,0,0
404.png,Luxio,0,0,0,0,0,0,0,0,0,0,0,0,1,0,0,0,0,0
405.png,Luxray,0,0,0,0,0,0,0,0,0,0,0,0,1,0,0,0,0,0
406.png,Budew,0,0,0,1,0,0,0,0,0,0,0,1,0,0,0,0,0,0
407.png,Roserade,0,0,0,1,0,0,0,0,0,0,0,1,0,0,0,0,0,0
408.png,Cranidos,0,0,0,0,0,1,0,0,0,0,0,0,0,0,0,0,0,0
409.png,Rampardos,0,0,0,0,0,1,0,0,0,0,0,0,0,0,0,0,0,0
410.png,Shieldon,0,0,0,0,0,1,0,0,1,0,0,0,0,0,0,0,0,0
411.png,Bastiodon,0,0,0,0,0,1,0,0,1,0,0,0,0,0,0,0,0,0
414.png,Mothim,0,0,1,0,0,0,1,0,0,0,0,0,0,0,0,0,0,0
415.png,Combee,0,0,1,0,0,0,1,0,0,0,0,0,0,0,0,0,0,0
416.png,Vespiquen,0,0,1,0,0,0,1,0,0,0,0,0,0,0,0,0,0,0
417.png,Pachirisu,0,0,0,0,0,0,0,0,0,0,0,0,1,0,0,0,0,0
418.png,Buizel,0,0,0,0,0,0,0,0,0,0,1,0,0,0,0,0,0,0
419.png,Floatzel,0,0,0,0,0,0,0,0,0,0,1,0,0,0,0,0,0,0
420.png,Cherubi,0,0,0,0,0,0,0,0,0,0,0,1,0,0,0,0,0,0
424.png,Ambipom,1,0,0,0,0,0,0,0,0,0,0,0,0,0,0,0,0,0
425.png,Drifloon,0,0,1,0,0,0,0,1,0,0,0,0,0,0,0,0,0,0
426.png,Drifblim,0,0,1,0,0,0,0,1,0,0,0,0,0,0,0,0,0,0
427.png,Buneary,1,0,0,0,0,0,0,0,0,0,0,0,0,0,0,0,0,0
428.png,Lopunny,1,0,0,0,0,0,0,0,0,0,0,0,0,0,0,0,0,0
429.png,Mismagius,0,0,0,0,0,0,0,1,0,0,0,0,0,0,0,0,0,0
430.png,Honchkrow,0,0,1,0,0,0,0,0,0,0,0,0,0,0,0,0,1,0
431.png,Glameow,1,0,0,0,0,0,0,0,0,0,0,0,0,0,0,0,0,0
432.png,Purugly,1,0,0,0,0,0,0,0,0,0,0,0,0,0,0,0,0,0
433.png,Chingling,0,0,0,0,0,0,0,0,0,0,0,0,0,1,0,0,0,0
434.png,Stunky,0,0,0,1,0,0,0,0,0,0,0,0,0,0,0,0,1,0
435.png,Skuntank,0,0,0,1,0,0,0,0,0,0,0,0,0,0,0,0,1,0
436.png,Bronzor,0,0,0,0,0,0,0,0,1,0,0,0,0,1,0,0,0,0
437.png,Bronzong,0,0,0,0,0,0,0,0,1,0,0,0,0,1,0,0,0,0
438.png,Bonsly,0,0,0,0,0,1,0,0,0,0,0,0,0,0,0,0,0,0
439.png,Mime,0,0,0,0,0,0,0,0,0,0,0,0,0,1,0,0,0,1
440.png,Happiny,1,0,0,0,0,0,0,0,0,0,0,0,0,0,0,0,0,0
441.png,Chatot,1,0,1,0,0,0,0,0,0,0,0,0,0,0,0,0,0,0
442.png,Spiritomb,0,0,0,0,0,0,0,1,0,0,0,0,0,0,0,0,1,0
443.png,Gible,0,0,0,0,1,0,0,0,0,0,0,0,0,0,0,1,0,0
444.png,Gabite,0,0,0,0,1,0,0,0,0,0,0,0,0,0,0,1,0,0
445.png,Garchomp,0,0,0,0,1,0,0,0,0,0,0,0,0,0,0,1,0,0
446.png,Munchlax,1,0,0,0,0,0,0,0,0,0,0,0,0,0,0,0,0,0
447.png,Riolu,0,1,0,0,0,0,0,0,0,0,0,0,0,0,0,0,0,0
448.png,Lucario,0,1,0,0,0,0,0,0,1,0,0,0,0,0,0,0,0,0
449.png,Hippopotas,0,0,0,0,1,0,0,0,0,0,0,0,0,0,0,0,0,0
450.png,Hippowdon,0,0,0,0,1,0,0,0,0,0,0,0,0,0,0,0,0,0
451.png,Skorupi,0,0,0,1,0,0,1,0,0,0,0,0,0,0,0,0,0,0
452.png,Drapion,0,0,0,1,0,0,0,0,0,0,0,0,0,0,0,0,1,0
453.png,Croagunk,0,1,0,1,0,0,0,0,0,0,0,0,0,0,0,0,0,0
454.png,Toxicroak,0,1,0,1,0,0,0,0,0,0,0,0,0,0,0,0,0,0
455.png,Carnivine,0,0,0,0,0,0,0,0,0,0,0,1,0,0,0,0,0,0
456.png,Finneon,0,0,0,0,0,0,0,0,0,0,1,0,0,0,0,0,0,0
457.png,Lumineon,0,0,0,0,0,0,0,0,0,0,1,0,0,0,0,0,0,0
458.png,Mantyke,0,0,1,0,0,0,0,0,0,0,1,0,0,0,0,0,0,0
459.png,Snover,0,0,0,0,0,0,0,0,0,0,0,1,0,0,1,0,0,0
460.png,Abomasnow,0,0,0,0,0,0,0,0,0,0,0,1,0,0,1,0,0,0
461.png,Weavile,0,0,0,0,0,0,0,0,0,0,0,0,0,0,1,0,1,0
462.png,Magnezone,0,0,0,0,0,0,0,0,1,0,0,0,1,0,0,0,0,0
463.png,Lickilicky,1,0,0,0,0,0,0,0,0,0,0,0,0,0,0,0,0,0
464.png,Rhyperior,0,0,0,0,1,1,0,0,0,0,0,0,0,0,0,0,0,0
465.png,Tangrowth,0,0,0,0,0,0,0,0,0,0,0,1,0,0,0,0,0,0
466.png,Electivire,0,0,0,0,0,0,0,0,0,0,0,0,1,0,0,0,0,0
467.png,Magmortar,0,0,0,0,0,0,0,0,0,1,0,0,0,0,0,0,0,0
468.png,Togekiss,0,0,1,0,0,0,0,0,0,0,0,0,0,0,0,0,0,1
469.png,Yanmega,0,0,1,0,0,0,1,0,0,0,0,0,0,0,0,0,0,0
470.png,Leafeon,0,0,0,0,0,0,0,0,0,0,0,1,0,0,0,0,0,0
471.png,Glaceon,0,0,0,0,0,0,0,0,0,0,0,0,0,0,1,0,0,0
472.png,Gliscor,0,0,1,0,1,0,0,0,0,0,0,0,0,0,0,0,0,0
473.png,Mamoswine,0,0,0,0,1,0,0,0,0,0,0,0,0,0,1,0,0,0
474.png,Porygon-Z,1,0,0,0,0,0,0,0,0,0,0,0,0,0,0,0,0,0
475.png,Gallade,0,1,0,0,0,0,0,0,0,0,0,0,0,1,0,0,0,0
476.png,Probopass,0,0,0,0,0,1,0,0,1,0,0,0,0,0,0,0,0,0
477.png,Dusknoir,0,0,0,0,0,0,0,1,0,0,0,0,0,0,0,0,0,0
478.png,Froslass,0,0,0,0,0,0,0,1,0,0,0,0,0,0,1,0,0,0
479.png,Rotom,0,0,0,0,0,0,0,1,0,0,0,0,1,0,0,0,0,0
480.png,Uxie,0,0,0,0,0,0,0,0,0,0,0,0,0,1,0,0,0,0
481.png,Mesprit,0,0,0,0,0,0,0,0,0,0,0,0,0,1,0,0,0,0
482.png,Azelf,0,0,0,0,0,0,0,0,0,0,0,0,0,1,0,0,0,0
483.png,Dialga,0,0,0,0,0,0,0,0,1,0,0,0,0,0,0,1,0,0
484.png,Palkia,0,0,0,0,0,0,0,0,0,0,1,0,0,0,0,1,0,0
485.png,Heatran,0,0,0,0,0,0,0,0,1,1,0,0,0,0,0,0,0,0
486.png,Regigigas,1,0,0,0,0,0,0,0,0,0,0,0,0,0,0,0,0,0
488.png,Cresselia,0,0,0,0,0,0,0,0,0,0,0,0,0,1,0,0,0,0
489.png,Phione,0,0,0,0,0,0,0,0,0,0,1,0,0,0,0,0,0,0
490.png,Manaphy,0,0,0,0,0,0,0,0,0,0,1,0,0,0,0,0,0,0
491.png,Darkrai,0,0,0,0,0,0,0,0,0,0,0,0,0,0,0,0,1,0
494.png,Victini,0,0,0,0,0,0,0,0,0,1,0,0,0,1,0,0,0,0
495.png,Snivy,0,0,0,0,0,0,0,0,0,0,0,1,0,0,0,0,0,0
496.png,Servine,0,0,0,0,0,0,0,0,0,0,0,1,0,0,0,0,0,0
497.png,Serperior,0,0,0,0,0,0,0,0,0,0,0,1,0,0,0,0,0,0
498.png,Tepig,0,0,0,0,0,0,0,0,0,1,0,0,0,0,0,0,0,0
499.png,Pignite,0,1,0,0,0,0,0,0,0,1,0,0,0,0,0,0,0,0
500.png,Emboar,0,1,0,0,0,0,0,0,0,1,0,0,0,0,0,0,0,0
501.png,Oshawott,0,0,0,0,0,0,0,0,0,0,1,0,0,0,0,0,0,0
502.png,Dewott,0,0,0,0,0,0,0,0,0,0,1,0,0,0,0,0,0,0
503.png,Samurott,0,0,0,0,0,0,0,0,0,0,1,0,0,0,0,0,0,0
504.png,Patrat,1,0,0,0,0,0,0,0,0,0,0,0,0,0,0,0,0,0
505.png,Watchog,1,0,0,0,0,0,0,0,0,0,0,0,0,0,0,0,0,0
506.png,Lillipup,1,0,0,0,0,0,0,0,0,0,0,0,0,0,0,0,0,0
507.png,Herdier,1,0,0,0,0,0,0,0,0,0,0,0,0,0,0,0,0,0
508.png,Stoutland,1,0,0,0,0,0,0,0,0,0,0,0,0,0,0,0,0,0
509.png,Purrloin,0,0,0,0,0,0,0,0,0,0,0,0,0,0,0,0,1,0
510.png,Liepard,0,0,0,0,0,0,0,0,0,0,0,0,0,0,0,0,1,0
511.png,Pansage,0,0,0,0,0,0,0,0,0,0,0,1,0,0,0,0,0,0
512.png,Simisage,0,0,0,0,0,0,0,0,0,0,0,1,0,0,0,0,0,0
513.png,Pansear,0,0,0,0,0,0,0,0,0,1,0,0,0,0,0,0,0,0
514.png,Simisear,0,0,0,0,0,0,0,0,0,1,0,0,0,0,0,0,0,0
515.png,Panpour,0,0,0,0,0,0,0,0,0,0,1,0,0,0,0,0,0,0
516.png,Simipour,0,0,0,0,0,0,0,0,0,0,1,0,0,0,0,0,0,0
517.png,Munna,0,0,0,0,0,0,0,0,0,0,0,0,0,1,0,0,0,0
518.png,Musharna,0,0,0,0,0,0,0,0,0,0,0,0,0,1,0,0,0,0
519.png,Pidove,1,0,1,0,0,0,0,0,0,0,0,0,0,0,0,0,0,0
520.png,Tranquill,1,0,1,0,0,0,0,0,0,0,0,0,0,0,0,0,0,0
521.png,Unfezant,1,0,1,0,0,0,0,0,0,0,0,0,0,0,0,0,0,0
522.png,Blitzle,0,0,0,0,0,0,0,0,0,0,0,0,1,0,0,0,0,0
523.png,Zebstrika,0,0,0,0,0,0,0,0,0,0,0,0,1,0,0,0,0,0
524.png,Roggenrola,0,0,0,0,0,1,0,0,0,0,0,0,0,0,0,0,0,0
525.png,Boldore,0,0,0,0,0,1,0,0,0,0,0,0,0,0,0,0,0,0
526.png,Gigalith,0,0,0,0,0,1,0,0,0,0,0,0,0,0,0,0,0,0
527.png,Woobat,0,0,1,0,0,0,0,0,0,0,0,0,0,1,0,0,0,0
528.png,Swoobat,0,0,1,0,0,0,0,0,0,0,0,0,0,1,0,0,0,0
529.png,Drilbur,0,0,0,0,1,0,0,0,0,0,0,0,0,0,0,0,0,0
530.png,Excadrill,0,0,0,0,1,0,0,0,1,0,0,0,0,0,0,0,0,0
531.png,Audino,1,0,0,0,0,0,0,0,0,0,0,0,0,0,0,0,0,0
532.png,Timburr,0,1,0,0,0,0,0,0,0,0,0,0,0,0,0,0,0,0
533.png,Gurdurr,0,1,0,0,0,0,0,0,0,0,0,0,0,0,0,0,0,0
534.png,Conkeldurr,0,1,0,0,0,0,0,0,0,0,0,0,0,0,0,0,0,0
535.png,Tympole,0,0,0,0,0,0,0,0,0,0,1,0,0,0,0,0,0,0
536.png,Palpitoad,0,0,0,0,1,0,0,0,0,0,1,0,0,0,0,0,0,0
537.png,Seismitoad,0,0,0,0,1,0,0,0,0,0,1,0,0,0,0,0,0,0
538.png,Throh,0,1,0,0,0,0,0,0,0,0,0,0,0,0,0,0,0,0
539.png,Sawk,0,1,0,0,0,0,0,0,0,0,0,0,0,0,0,0,0,0
540.png,Sewaddle,0,0,0,0,0,0,1,0,0,0,0,1,0,0,0,0,0,0
541.png,Swadloon,0,0,0,0,0,0,1,0,0,0,0,1,0,0,0,0,0,0
542.png,Leavanny,0,0,0,0,0,0,1,0,0,0,0,1,0,0,0,0,0,0
543.png,Venipede,0,0,0,1,0,0,1,0,0,0,0,0,0,0,0,0,0,0
544.png,Whirlipede,0,0,0,1,0,0,1,0,0,0,0,0,0,0,0,0,0,0
545.png,Scolipede,0,0,0,1,0,0,1,0,0,0,0,0,0,0,0,0,0,0
546.png,Cottonee,0,0,0,0,0,0,0,0,0,0,0,1,0,0,0,0,0,1
547.png,Whimsicott,0,0,0,0,0,0,0,0,0,0,0,1,0,0,0,0,0,1
548.png,Petilil,0,0,0,0,0,0,0,0,0,0,0,1,0,0,0,0,0,0
549.png,Lilligant,0,0,0,0,0,0,0,0,0,0,0,1,0,0,0,0,0,0
551.png,Sandile,0,0,0,0,1,0,0,0,0,0,0,0,0,0,0,0,1,0
552.png,Krokorok,0,0,0,0,1,0,0,0,0,0,0,0,0,0,0,0,1,0
553.png,Krookodile,0,0,0,0,1,0,0,0,0,0,0,0,0,0,0,0,1,0
554.png,Darumaka,0,0,0,0,0,0,0,0,0,1,0,0,0,0,0,0,0,0
556.png,Maractus,0,0,0,0,0,0,0,0,0,0,0,1,0,0,0,0,0,0
557.png,Dwebble,0,0,0,0,0,1,1,0,0,0,0,0,0,0,0,0,0,0
558.png,Crustle,0,0,0,0,0,1,1,0,0,0,0,0,0,0,0,0,0,0
559.png,Scraggy,0,1,0,0,0,0,0,0,0,0,0,0,0,0,0,0,1,0
560.png,Scrafty,0,1,0,0,0,0,0,0,0,0,0,0,0,0,0,0,1,0
561.png,Sigilyph,0,0,1,0,0,0,0,0,0,0,0,0,0,1,0,0,0,0
562.png,Yamask,0,0,0,0,0,0,0,1,0,0,0,0,0,0,0,0,0,0
563.png,Cofagrigus,0,0,0,0,0,0,0,1,0,0,0,0,0,0,0,0,0,0
564.png,Tirtouga,0,0,0,0,0,1,0,0,0,0,1,0,0,0,0,0,0,0
565.png,Carracosta,0,0,0,0,0,1,0,0,0,0,1,0,0,0,0,0,0,0
566.png,Archen,0,0,1,0,0,1,0,0,0,0,0,0,0,0,0,0,0,0
567.png,Archeops,0,0,1,0,0,1,0,0,0,0,0,0,0,0,0,0,0,0
568.png,Trubbish,0,0,0,1,0,0,0,0,0,0,0,0,0,0,0,0,0,0
569.png,Garbodor,0,0,0,1,0,0,0,0,0,0,0,0,0,0,0,0,0,0
570.png,Zorua,0,0,0,0,0,0,0,0,0,0,0,0,0,0,0,0,1,0
571.png,Zoroark,0,0,0,0,0,0,0,0,0,0,0,0,0,0,0,0,1,0
572.png,Minccino,1,0,0,0,0,0,0,0,0,0,0,0,0,0,0,0,0,0
573.png,Cinccino,1,0,0,0,0,0,0,0,0,0,0,0,0,0,0,0,0,0
574.png,Gothita,0,0,0,0,0,0,0,0,0,0,0,0,0,1,0,0,0,0
575.png,Gothorita,0,0,0,0,0,0,0,0,0,0,0,0,0,1,0,0,0,0
576.png,Gothitelle,0,0,0,0,0,0,0,0,0,0,0,0,0,1,0,0,0,0
577.png,Solosis,0,0,0,0,0,0,0,0,0,0,0,0,0,1,0,0,0,0
578.png,Duosion,0,0,0,0,0,0,0,0,0,0,0,0,0,1,0,0,0,0
579.png,Reuniclus,0,0,0,0,0,0,0,0,0,0,0,0,0,1,0,0,0,0
580.png,Ducklett,0,0,1,0,0,0,0,0,0,0,1,0,0,0,0,0,0,0
581.png,Swanna,0,0,1,0,0,0,0,0,0,0,1,0,0,0,0,0,0,0
582.png,Vanillite,0,0,0,0,0,0,0,0,0,0,0,0,0,0,1,0,0,0
583.png,Vanillish,0,0,0,0,0,0,0,0,0,0,0,0,0,0,1,0,0,0
584.png,Vanilluxe,0,0,0,0,0,0,0,0,0,0,0,0,0,0,1,0,0,0
587.png,Emolga,0,0,1,0,0,0,0,0,0,0,0,0,1,0,0,0,0,0
588.png,Karrablast,0,0,0,0,0,0,1,0,0,0,0,0,0,0,0,0,0,0
589.png,Escavalier,0,0,0,0,0,0,1,0,1,0,0,0,0,0,0,0,0,0
590.png,Foongus,0,0,0,1,0,0,0,0,0,0,0,1,0,0,0,0,0,0
591.png,Amoonguss,0,0,0,1,0,0,0,0,0,0,0,1,0,0,0,0,0,0
592.png,Frillish,0,0,0,0,0,0,0,1,0,0,1,0,0,0,0,0,0,0
593.png,Jellicent,0,0,0,0,0,0,0,1,0,0,1,0,0,0,0,0,0,0
594.png,Alomomola,0,0,0,0,0,0,0,0,0,0,1,0,0,0,0,0,0,0
595.png,Joltik,0,0,0,0,0,0,1,0,0,0,0,0,1,0,0,0,0,0
596.png,Galvantula,0,0,0,0,0,0,1,0,0,0,0,0,1,0,0,0,0,0
597.png,Ferroseed,0,0,0,0,0,0,0,0,1,0,0,1,0,0,0,0,0,0
598.png,Ferrothorn,0,0,0,0,0,0,0,0,1,0,0,1,0,0,0,0,0,0
599.png,Klink,0,0,0,0,0,0,0,0,1,0,0,0,0,0,0,0,0,0
600.png,Klang,0,0,0,0,0,0,0,0,1,0,0,0,0,0,0,0,0,0
601.png,Klinklang,0,0,0,0,0,0,0,0,1,0,0,0,0,0,0,0,0,0
602.png,Tynamo,0,0,0,0,0,0,0,0,0,0,0,0,1,0,0,0,0,0
603.png,Eelektrik,0,0,0,0,0,0,0,0,0,0,0,0,1,0,0,0,0,0
604.png,Eelektross,0,0,0,0,0,0,0,0,0,0,0,0,1,0,0,0,0,0
605.png,Elgyem,0,0,0,0,0,0,0,0,0,0,0,0,0,1,0,0,0,0
606.png,Beheeyem,0,0,0,0,0,0,0,0,0,0,0,0,0,1,0,0,0,0
607.png,Litwick,0,0,0,0,0,0,0,1,0,1,0,0,0,0,0,0,0,0
608.png,Lampent,0,0,0,0,0,0,0,1,0,1,0,0,0,0,0,0,0,0
609.png,Chandelure,0,0,0,0,0,0,0,1,0,1,0,0,0,0,0,0,0,0
610.png,Axew,0,0,0,0,0,0,0,0,0,0,0,0,0,0,0,1,0,0
611.png,Fraxure,0,0,0,0,0,0,0,0,0,0,0,0,0,0,0,1,0,0
612.png,Haxorus,0,0,0,0,0,0,0,0,0,0,0,0,0,0,0,1,0,0
613.png,Cubchoo,0,0,0,0,0,0,0,0,0,0,0,0,0,0,1,0,0,0
614.png,Beartic,0,0,0,0,0,0,0,0,0,0,0,0,0,0,1,0,0,0
615.png,Cryogonal,0,0,0,0,0,0,0,0,0,0,0,0,0,0,1,0,0,0
616.png,Shelmet,0,0,0,0,0,0,1,0,0,0,0,0,0,0,0,0,0,0
617.png,Accelgor,0,0,0,0,0,0,1,0,0,0,0,0,0,0,0,0,0,0
618.png,Stunfisk,0,0,0,0,1,0,0,0,0,0,0,0,1,0,0,0,0,0
619.png,Mienfoo,0,1,0,0,0,0,0,0,0,0,0,0,0,0,0,0,0,0
620.png,Mienshao,0,1,0,0,0,0,0,0,0,0,0,0,0,0,0,0,0,0
621.png,Druddigon,0,0,0,0,0,0,0,0,0,0,0,0,0,0,0,1,0,0
622.png,Golett,0,0,0,0,1,0,0,1,0,0,0,0,0,0,0,0,0,0
623.png,Golurk,0,0,0,0,1,0,0,1,0,0,0,0,0,0,0,0,0,0
624.png,Pawniard,0,0,0,0,0,0,0,0,1,0,0,0,0,0,0,0,1,0
625.png,Bisharp,0,0,0,0,0,0,0,0,1,0,0,0,0,0,0,0,1,0
626.png,Bouffalant,1,0,0,0,0,0,0,0,0,0,0,0,0,0,0,0,0,0
627.png,Rufflet,1,0,1,0,0,0,0,0,0,0,0,0,0,0,0,0,0,0
628.png,Braviary,1,0,1,0,0,0,0,0,0,0,0,0,0,0,0,0,0,0
629.png,Vullaby,0,0,1,0,0,0,0,0,0,0,0,0,0,0,0,0,1,0
630.png,Mandibuzz,0,0,1,0,0,0,0,0,0,0,0,0,0,0,0,0,1,0
631.png,Heatmor,0,0,0,0,0,0,0,0,0,1,0,0,0,0,0,0,0,0
632.png,Durant,0,0,0,0,0,0,1,0,1,0,0,0,0,0,0,0,0,0
633.png,Deino,0,0,0,0,0,0,0,0,0,0,0,0,0,0,0,1,1,0
634.png,Zweilous,0,0,0,0,0,0,0,0,0,0,0,0,0,0,0,1,1,0
635.png,Hydreigon,0,0,0,0,0,0,0,0,0,0,0,0,0,0,0,1,1,0
636.png,Larvesta,0,0,0,0,0,0,1,0,0,1,0,0,0,0,0,0,0,0
637.png,Volcarona,0,0,0,0,0,0,1,0,0,1,0,0,0,0,0,0,0,0
638.png,Cobalion,0,1,0,0,0,0,0,0,1,0,0,0,0,0,0,0,0,0
639.png,Terrakion,0,1,0,0,0,1,0,0,0,0,0,0,0,0,0,0,0,0
640.png,Virizion,0,1,0,0,0,0,0,0,0,0,0,1,0,0,0,0,0,0
643.png,Reshiram,0,0,0,0,0,0,0,0,0,1,0,0,0,0,0,1,0,0
644.png,Zekrom,0,0,0,0,0,0,0,0,0,0,0,0,1,0,0,1,0,0
646.png,Kyurem,0,0,0,0,0,0,0,0,0,0,0,0,0,0,1,1,0,0
648.png,Meloetta,1,0,0,0,0,0,0,0,0,0,0,0,0,1,0,0,0,0
649.png,Genesect,0,0,0,0,0,0,1,0,1,0,0,0,0,0,0,0,0,0
650.png,Chespin,0,0,0,0,0,0,0,0,0,0,0,1,0,0,0,0,0,0
651.png,Quilladin,0,0,0,0,0,0,0,0,0,0,0,1,0,0,0,0,0,0
652.png,Chesnaught,0,1,0,0,0,0,0,0,0,0,0,1,0,0,0,0,0,0
653.png,Fennekin,0,0,0,0,0,0,0,0,0,1,0,0,0,0,0,0,0,0
654.png,Braixen,0,0,0,0,0,0,0,0,0,1,0,0,0,0,0,0,0,0
655.png,Delphox,0,0,0,0,0,0,0,0,0,1,0,0,0,1,0,0,0,0
656.png,Froakie,0,0,0,0,0,0,0,0,0,0,1,0,0,0,0,0,0,0
657.png,Frogadier,0,0,0,0,0,0,0,0,0,0,1,0,0,0,0,0,0,0
658.png,Greninja,0,0,0,0,0,0,0,0,0,0,1,0,0,0,0,0,1,0
659.png,Bunnelby,1,0,0,0,0,0,0,0,0,0,0,0,0,0,0,0,0,0
660.png,Diggersby,1,0,0,0,1,0,0,0,0,0,0,0,0,0,0,0,0,0
661.png,Fletchling,1,0,1,0,0,0,0,0,0,0,0,0,0,0,0,0,0,0
662.png,Fletchinder,0,0,1,0,0,0,0,0,0,1,0,0,0,0,0,0,0,0
663.png,Talonflame,0,0,1,0,0,0,0,0,0,1,0,0,0,0,0,0,0,0
664.png,Scatterbug,0,0,0,0,0,0,1,0,0,0,0,0,0,0,0,0,0,0
665.png,Spewpa,0,0,0,0,0,0,1,0,0,0,0,0,0,0,0,0,0,0
666.png,Vivillon,0,0,1,0,0,0,1,0,0,0,0,0,0,0,0,0,0,0
667.png,Litleo,1,0,0,0,0,0,0,0,0,1,0,0,0,0,0,0,0,0
668.png,Pyroar,1,0,0,0,0,0,0,0,0,1,0,0,0,0,0,0,0,0
669.png,Flabebe,0,0,0,0,0,0,0,0,0,0,0,0,0,0,0,0,0,1
670.png,Floette,0,0,0,0,0,0,0,0,0,0,0,0,0,0,0,0,0,1
671.png,Florges,0,0,0,0,0,0,0,0,0,0,0,0,0,0,0,0,0,1
672.png,Skiddo,0,0,0,0,0,0,0,0,0,0,0,1,0,0,0,0,0,0
673.png,Gogoat,0,0,0,0,0,0,0,0,0,0,0,1,0,0,0,0,0,0
674.png,Pancham,0,1,0,0,0,0,0,0,0,0,0,0,0,0,0,0,0,0
675.png,Pangoro,0,1,0,0,0,0,0,0,0,0,0,0,0,0,0,0,1,0
676.png,Furfrou,1,0,0,0,0,0,0,0,0,0,0,0,0,0,0,0,0,0
677.png,Espurr,0,0,0,0,0,0,0,0,0,0,0,0,0,1,0,0,0,0
678.png,Meowstic,0,0,0,0,0,0,0,0,0,0,0,0,0,1,0,0,0,0
679.png,Honedge,0,0,0,0,0,0,0,1,1,0,0,0,0,0,0,0,0,0
680.png,Doublade,0,0,0,0,0,0,0,1,1,0,0,0,0,0,0,0,0,0
681.png,Aegislash,0,0,0,0,0,0,0,1,1,0,0,0,0,0,0,0,0,0
682.png,Spritzee,0,0,0,0,0,0,0,0,0,0,0,0,0,0,0,0,0,1
683.png,Aromatisse,0,0,0,0,0,0,0,0,0,0,0,0,0,0,0,0,0,1
684.png,Swirlix,0,0,0,0,0,0,0,0,0,0,0,0,0,0,0,0,0,1
685.png,Slurpuff,0,0,0,0,0,0,0,0,0,0,0,0,0,0,0,0,0,1
686.png,Inkay,0,0,0,0,0,0,0,0,0,0,0,0,0,1,0,0,1,0
687.png,Malamar,0,0,0,0,0,0,0,0,0,0,0,0,0,1,0,0,1,0
688.png,Binacle,0,0,0,0,0,1,0,0,0,0,1,0,0,0,0,0,0,0
689.png,Barbaracle,0,0,0,0,0,1,0,0,0,0,1,0,0,0,0,0,0,0
690.png,Skrelp,0,0,0,1,0,0,0,0,0,0,1,0,0,0,0,0,0,0
691.png,Dragalge,0,0,0,1,0,0,0,0,0,0,0,0,0,0,0,1,0,0
692.png,Clauncher,0,0,0,0,0,0,0,0,0,0,1,0,0,0,0,0,0,0
693.png,Clawitzer,0,0,0,0,0,0,0,0,0,0,1,0,0,0,0,0,0,0
694.png,Helioptile,1,0,0,0,0,0,0,0,0,0,0,0,1,0,0,0,0,0
695.png,Heliolisk,1,0,0,0,0,0,0,0,0,0,0,0,1,0,0,0,0,0
696.png,Tyrunt,0,0,0,0,0,1,0,0,0,0,0,0,0,0,0,1,0,0
697.png,Tyrantrum,0,0,0,0,0,1,0,0,0,0,0,0,0,0,0,1,0,0
698.png,Amaura,0,0,0,0,0,1,0,0,0,0,0,0,0,0,1,0,0,0
699.png,Aurorus,0,0,0,0,0,1,0,0,0,0,0,0,0,0,1,0,0,0
700.png,Sylveon,0,0,0,0,0,0,0,0,0,0,0,0,0,0,0,0,0,1
701.png,Hawlucha,0,1,1,0,0,0,0,0,0,0,0,0,0,0,0,0,0,0
702.png,Dedenne,0,0,0,0,0,0,0,0,0,0,0,0,1,0,0,0,0,1
703.png,Carbink,0,0,0,0,0,1,0,0,0,0,0,0,0,0,0,0,0,1
704.png,Goomy,0,0,0,0,0,0,0,0,0,0,0,0,0,0,0,1,0,0
705.png,Sliggoo,0,0,0,0,0,0,0,0,0,0,0,0,0,0,0,1,0,0
706.png,Goodra,0,0,0,0,0,0,0,0,0,0,0,0,0,0,0,1,0,0
707.png,Klefki,0,0,0,0,0,0,0,0,1,0,0,0,0,0,0,0,0,1
708.png,Phantump,0,0,0,0,0,0,0,1,0,0,0,1,0,0,0,0,0,0
709.png,Trevenant,0,0,0,0,0,0,0,1,0,0,0,1,0,0,0,0,0,0
710.png,Pumpkaboo,0,0,0,0,0,0,0,1,0,0,0,1,0,0,0,0,0,0
711.png,Gourgeist,0,0,0,0,0,0,0,1,0,0,0,1,0,0,0,0,0,0
712.png,Bergmite,0,0,0,0,0,0,0,0,0,0,0,0,0,0,1,0,0,0
713.png,Avalugg,0,0,0,0,0,0,0,0,0,0,0,0,0,0,1,0,0,0
714.png,Noibat,0,0,1,0,0,0,0,0,0,0,0,0,0,0,0,1,0,0
715.png,Noivern,0,0,1,0,0,0,0,0,0,0,0,0,0,0,0,1,0,0
716.png,Xerneas,0,0,0,0,0,0,0,0,0,0,0,0,0,0,0,0,0,1
717.png,Yveltal,0,0,1,0,0,0,0,0,0,0,0,0,0,0,0,0,1,0
718.png,Zygarde,0,0,0,0,1,0,0,0,0,0,0,0,0,0,0,1,0,0
719.png,Diancie,0,0,0,0,0,1,0,0,0,0,0,0,0,0,0,0,0,1
720.png,Hoopa,0,0,0,0,0,0,0,1,0,0,0,0,0,1,0,0,0,0
721.png,Volcanion,0,0,0,0,0,0,0,0,0,1,1,0,0,0,0,0,0,0
383-primal.png,Groudon (primal),0,0,0,0,1,0,0,0,0,1,0,0,0,0,0,0,0,0
260-mega.png,Mega Swampert,0,0,0,0,1,0,0,0,0,0,1,0,0,0,0,0,0,0
719-mega.png,Mega Diancie,0,0,0,0,0,1,0,0,0,0,0,0,0,0,0,0,0,1
493-normal.png,Arceus,1,0,0,0,0,0,0,0,0,0,0,0,0,0,0,0,0,0
647-resolute.png,Keldeo (resolute),0,1,0,0,0,0,0,0,0,0,1,0,0,0,0,0,0,0
646-white.png,Kyurem White,0,0,0,0,0,0,0,0,0,0,0,0,0,0,1,1,0,0
592f.png,Frillish,0,0,0,0,0,0,0,1,0,0,1,0,0,0,0,0,0,0
645-therian.png,Landorus Therian,0,0,1,0,1,0,0,0,0,0,0,0,0,0,0,0,0,0
80-mega.png,Mega Slowbro,0,0,0,0,0,0,0,0,0,0,1,0,0,1,0,0,0,0
380-mega.png,Mega Latias,0,0,0,0,0,0,0,0,0,0,0,0,0,1,0,1,0,0
150-mega-x.png,Mega Mewtwo X,0,1,0,0,0,0,0,0,0,0,0,0,0,1,0,0,0,0
720-unbound.png,Hoopa Unbound,0,0,0,0,0,0,0,0,0,0,0,0,0,1,0,0,1,0
550-blue-striped.png,Basculin,0,0,0,0,0,0,0,0,0,0,1,0,0,0,0,0,0,0
282-mega.png,Mega Gardevoir,0,0,0,0,0,0,0,0,0,0,0,0,0,1,0,0,0,1
681-blade.png,Aegislash (blade),0,0,0,0,0,0,0,1,1,0,0,0,0,0,0,0,0,0
642-incarnate.png,Thundurus Incarnate,0,0,1,0,0,0,0,0,0,0,0,0,1,0,0,0,0,0
384-mega.png,Mega Rayquaza,0,0,1,0,0,0,0,0,0,0,0,0,0,0,0,1,0,0
648-pirouette.png,Meloetta Pirouette,1,1,0,0,0,0,0,0,0,0,0,0,0,0,0,0,0,0
181-mega.png,Ampharos Mega,0,0,0,0,0,0,0,0,0,0,0,0,1,0,0,1,0,0
521f.png,Unfezant,1,0,1,0,0,0,0,0,0,0,0,0,0,0,0,0,0,0
201-f.png,Unown,0,0,0,0,0,0,0,0,0,0,0,0,0,1,0,0,0,0
555-standard.png,Darmanitan,0,0,0,0,0,0,0,0,0,1,0,0,0,0,0,0,0,0
676-star.png,Furfrou (star),1,0,0,0,0,0,0,0,0,0,0,0,0,0,0,0,0,0
412-trash.png,Burmy (trash),0,0,0,0,0,0,1,0,0,0,0,0,0,0,0,0,0,0
585-autumn.png,Deerling (autumn),1,0,0,0,0,0,0,0,0,0,0,1,0,0,0,0,0,0
334-mega.png,Mega Altaria,0,0,0,0,0,0,0,0,0,0,0,0,0,0,0,1,0,1
428-mega.png,Mega Lopunny,1,1,0,0,0,0,0,0,0,0,0,0,0,0,0,0,0,0
94-mega.png,Mega Gengar,0,0,0,1,0,0,0,1,0,0,0,0,0,0,0,0,0,0
422-west.png,Shellos (west),0,0,0,0,0,0,0,0,0,0,1,0,0,0,0,0,0,0
479-wash.png,Rotum Wash,0,0,0,0,0,0,0,0,0,0,1,0,1,0,0,0,0,0
492-land.png,Shaymin (land),0,0,0,0,0,0,0,0,0,0,0,1,0,0,0,0,0,0
421-sunshine.png,Cherrim (sunshine),0,0,0,0,0,0,0,0,0,0,0,1,0,0,0,0,0,0
645-incarnate.png,Landorus Incarnate,0,0,1,0,1,0,0,0,0,0,0,0,0,0,0,0,0,0
254-mega.png,Mega Sceptile,0,0,0,0,0,0,0,0,0,0,0,1,0,0,0,1,0,0
130-mega.png,Mega Gyarados,0,0,0,0,0,0,0,0,0,0,1,0,0,0,0,0,1,0
115-mega.png,Mega Kangaskhan,1,0,0,0,0,0,0,0,0,0,0,0,0,0,0,0,0,0
150-mega-y.png,Mega Mewtwo Y,0,0,0,0,0,0,0,0,0,0,0,0,0,1,0,0,0,0
487-altered.png,Giratina (altered),0,0,0,0,0,0,0,1,0,0,0,0,0,0,0,1,0,0
303-mega.png,Mega Mawile,0,0,0,0,0,0,0,0,1,0,0,0,0,0,0,0,0,1
586-summer.png,Sawsbuck (summer),1,0,0,0,0,0,0,0,0,0,0,1,0,0,0,0,0,0
386-defense.png,Deoxys (defense),0,0,0,0,0,0,0,0,0,0,0,0,0,1,0,0,0,0
646-black.png,Kyurem Black,0,0,0,0,0,0,0,0,0,0,0,0,0,0,1,1,0,0
354-mega.png,Mega Banette,0,0,0,0,0,0,0,1,0,0,0,0,0,0,0,0,0,0
678f.png,Meowstic,0,0,0,0,0,0,0,0,0,0,0,0,0,1,0,0,0,0
666-elegant.png,Vivillon (elegant),0,0,1,0,0,0,1,0,0,0,0,0,0,0,0,0,0,0
445-mega.png,Mega Garchomp,0,0,0,0,1,0,0,0,0,0,0,0,0,0,0,1,0,0
25-libre.png,Pikachu (libre),0,0,0,0,0,0,0,0,0,0,0,0,1,0,0,0,0,0
214-mega.png,Mega Heracross,0,1,0,0,0,0,1,0,0,0,0,0,0,0,0,0,0,0
479-fan.png,Rotom Fan,0,0,1,0,0,0,0,0,0,0,0,0,1,0,0,0,0,0
208-mega.png,Mega Steelix,0,0,0,0,1,0,0,0,1,0,0,0,0,0,0,0,0,0
413-sandy.png,Wormadam (sandy),0,0,0,0,1,0,1,0,0,0,0,0,0,0,0,0,0,0
475-mega.png,Mega Gallade,0,1,0,0,0,0,0,0,0,0,0,0,0,1,0,0,0,0
423-east.png,Gastrodon (east),0,0,0,0,1,0,0,0,0,0,1,0,0,0,0,0,0,0
586-autumn.png,Sawsbuck (autumn),1,0,0,0,0,0,0,0,0,0,0,1,0,0,0,0,0,0
248-mega.png,Mega Tyranitar,0,0,0,0,0,1,0,0,0,0,0,0,0,0,0,0,1,0
641-incarnate.png,Tornadus Incarnate,0,0,1,0,0,0,0,0,0,0,0,0,0,0,0,0,0,0
413-trash.png,Wormadam (trash),0,0,0,0,0,0,1,0,1,0,0,0,0,0,0,0,0,0
9-mega.png,Mega Blastoise,0,0,0,0,0,0,0,0,0,0,1,0,0,0,0,0,0,0
257-mega.png,Mega Blaziken,0,1,0,0,0,0,0,0,0,1,0,0,0,0,0,0,0,0
668f.png,Pyroar,1,0,0,0,0,0,0,0,0,1,0,0,0,0,0,0,0,0
15-mega.png,Mega Beedrill,0,0,0,1,0,0,1,0,0,0,0,0,0,0,0,0,0,0
386-normal.png,Deoxys (normal),0,0,0,0,0,0,0,0,0,0,0,0,0,1,0,0,0,0
492-sky.png,Shaymin (sky),0,0,1,0,0,0,0,0,0,0,0,1,0,0,0,0,0,0
359-mega.png,Mega Absol,0,0,0,0,0,0,0,0,0,0,0,0,0,0,0,0,1,0
308-mega.png,Mega Medicham,0,1,0,0,0,0,0,0,0,0,0,0,0,1,0,0,0,0
585-summer.png,Deerling (summer),1,0,0,0,0,0,0,0,0,0,0,1,0,0,0,0,0,0
3-mega.png,Mega Venusaur,0,0,0,1,0,0,0,0,0,0,0,1,0,0,0,0,0,0
6-mega-x.png,Mega Charizard X,0,0,0,0,0,0,0,0,0,1,0,0,0,0,0,1,0,0
412-plant.png,Burmy (plant),0,0,0,0,0,0,1,0,0,0,0,0,0,0,0,0,0,0
142-mega.png,Mega Aerodactyl,0,0,1,0,0,1,0,0,0,0,0,0,0,0,0,0,0,0
18-mega.png,Mega Pidgeot,1,0,1,0,0,0,0,0,0,0,0,0,0,0,0,0,0,0
25-belle.png,Pikachu (belle),0,0,0,0,0,0,0,0,0,0,0,0,1,0,0,0,0,0
412-sandy.png,Burmy (sandy),0,0,0,0,0,0,1,0,0,0,0,0,0,0,0,0,0,0
376-mega.png,Mega Metagross,0,0,0,0,0,0,0,0,1,0,0,0,0,1,0,0,0,0
6-mega-y.png,Mega Charizard Y,0,0,1,0,0,0,0,0,0,1,0,0,0,0,0,0,0,0
127-mega.png,Mega Pinsir,0,0,1,0,0,0,1,0,0,0,0,0,0,0,0,0,0,0
229-mega.png,Mega Houndoom,0,0,0,0,0,0,0,0,0,1,0,0,0,0,0,0,1,0
212-mega.png,Mega Scizor,0,0,0,0,0,0,1,0,1,0,0,0,0,0,0,0,0,0
479-frost.png,Rotom Frost,0,0,0,0,0,0,0,0,0,0,0,0,1,0,1,0,0,0
362-mega.png,Mega Glalie,0,0,0,0,0,0,0,0,0,0,0,0,0,0,1,0,0,0
586-spring.png,Sawsbuck (spring),1,0,0,0,0,0,0,0,0,0,0,1,0,0,0,0,0,0
310-mega.png,Mega Manectric,0,0,0,0,0,0,0,0,0,0,0,0,1,0,0,0,0,0
386-speed.png,Deoxys (speed),0,0,0,0,0,0,0,0,0,0,0,0,0,1,0,0,0,0
386-attack.png,Deoxys (attack),0,0,0,0,0,0,0,0,0,0,0,0,0,1,0,0,0,0
676-diamond.png,Furfrou (diamond),1,0,0,0,0,0,0,0,0,0,0,0,0,0,0,0,0,0
421-overcast.png,Cherrim (overcast),0,0,0,0,0,0,0,0,0,0,0,1,0,0,0,0,0,0
65-mega.png,Mega Alakazam,0,0,0,0,0,0,0,0,0,0,0,0,0,1,0,0,0,0
373-mega.png,Mega Salamence,0,0,1,0,0,0,0,0,0,0,0,0,0,0,0,1,0,0
382-primal.png,Kyogre (primal),0,0,0,0,0,0,0,0,0,0,1,0,0,0,0,0,0,0
413-plant.png,Wormadam (plant),0,0,0,0,0,0,1,0,0,0,0,1,0,0,0,0,0,0
25-phd.png,Pikachu (phd),0,0,0,0,0,0,0,0,0,0,0,0,1,0,0,0,0,0
479-mow.png,Rotom Mow,0,0,0,0,0,0,0,0,0,0,0,1,1,0,0,0,0,0
381-mega.png,Mega Latios,0,0,0,0,0,0,0,0,0,0,0,0,0,1,0,1,0,0
25-pop-star.png,Pikachu (pop-star),0,0,0,0,0,0,0,0,0,0,0,0,1,0,0,0,0,0
423-west.png,Gastrodon (west),0,0,0,0,1,0,0,0,0,0,1,0,0,0,0,0,0,0
647-ordinary.png,Keldeo (ordinary),0,1,0,0,0,0,0,0,0,0,1,0,0,0,0,0,0,0
319-mega.png,Mega Sharpedo,0,0,0,0,0,0,0,0,0,0,1,0,0,0,0,0,1,0
585-winter.png,Deerling (winter),1,0,0,0,0,0,0,0,0,0,0,1,0,0,0,0,0,0
550-red-striped.png,Basculin,0,0,0,0,0,0,0,0,0,0,1,0,0,0,0,0,0,0
676-heart.png,Furfrou (heart),1,0,0,0,0,0,0,0,0,0,0,0,0,0,0,0,0,0
422-east.png,Shellos (east),0,0,0,0,0,0,0,0,0,0,1,0,0,0,0,0,0,0
25-rock-star.png,Pikachu (rock-star),0,0,0,0,0,0,0,0,0,0,0,0,1,0,0,0,0,0
487-origin.png,Giratina (origin),0,0,0,0,0,0,0,1,0,0,0,0,0,0,0,1,0,0
593f.png,Jellicent,0,0,0,0,0,0,0,1,0,0,1,0,0,0,0,0,0,0
302-mega.png,Mega Sableye,0,0,0,0,0,0,0,1,0,0,0,0,0,0,0,0,1,0
586-winter.png,Sawsbuck (winter),1,0,0,0,0,0,0,0,0,0,0,1,0,0,0,0,0,0
681-shield.png,Aegislash (shield),0,0,0,0,0,0,0,1,1,0,0,0,0,0,0,0,0,0
585-spring.png,Deerling (spring),1,0,0,0,0,0,0,0,0,0,0,1,0,0,0,0,0,0
448-mega.png,Mega Lucario,0,1,0,0,0,0,0,0,1,0,0,0,0,0,0,0,0,0
479-heat.png,Rotom Heat,0,0,0,0,0,0,0,0,0,1,0,0,1,0,0,0,0,0
323-mega.png,Mega Camerupt,0,0,0,0,1,0,0,0,0,1,0,0,0,0,0,0,0,0
642-therian.png,Thundurus Therian,0,0,1,0,0,0,0,0,0,0,0,0,1,0,0,0,0,0
531-mega.png,Mega Audino,1,0,0,0,0,0,0,0,0,0,0,0,0,0,0,0,0,1
306-mega.png,Mega Aggron,0,0,0,0,0,0,0,0,1,0,0,0,0,0,0,0,0,0
460-mega.png,Mega Abomasnow,0,0,0,0,0,0,0,0,0,0,0,1,0,0,1,0,0,0
641-therian.png,Tornadus Therian,0,0,1,0,0,0,0,0,0,0,0,0,0,0,0,0,0,0
